product_category,1,2,3,4,5,6
Bakery,9524.49,9038.82,11891.32,13999.18,18543.0,19234.38
Coffee,31256.85,29268.95,38303.6,45971.2,60345.85,64772.0
Drinking Chocolate,8337.75,8132.25,10253.5,12266.75,16319.75,17106.0
Flavours,968.0,924.0,1159.2,1408.8000000000002,1892.8000000000002,1995.2
Tea,22621.95,21733.4,27910.65,33356.95,44539.85,46243.15
